{"cameraMode":{"drawMode":0,"name":"Shaded","section":"Shading Mode"},"sceneLighting":true,"audioPlay":false,"sceneViewState":{"m_AlwaysRefresh":false,"showFog":true,"showSkybox":true,"showFlares":true,"showImageEffects":true,"showParticleSystems":true,"showVisualEffectGraphs":true,"m_FxEnabled":true},"in2DMode":false,"pivot":{"x":15.015226364135743,"y":44.56961441040039,"z":-10.017385482788086},"rotation":{"x":-0.20408275723457337,"y":-0.052842557430267337,"z":0.010829857550561428,"w":-0.9775726795196533},"size":41.75409698486328,"orthographic":true}