{"cameraMode":{"drawMode":0,"name":"Shaded","section":"Shading Mode"},"sceneLighting":true,"audioPlay":false,"sceneViewState":{"m_AlwaysRefresh":false,"showFog":true,"showSkybox":true,"showFlares":true,"showImageEffects":true,"showParticleSystems":true,"showVisualEffectGraphs":true,"m_FxEnabled":true},"in2DMode":false,"pivot":{"x":12.053204536437989,"y":47.96460723876953,"z":-126.24037170410156},"rotation":{"x":-0.00543628865852952,"y":-0.9913593530654907,"z":0.04284520447254181,"w":-0.12434238195419312},"size":159.10369873046876,"orthographic":false}