{"cameraMode":{"drawMode":0,"name":"Shaded","section":"Shading Mode"},"sceneLighting":true,"audioPlay":false,"sceneViewState":{"m_AlwaysRefresh":false,"showFog":true,"showSkybox":true,"showFlares":true,"showImageEffects":true,"showParticleSystems":true,"showVisualEffectGraphs":true,"m_FxEnabled":true},"in2DMode":false,"pivot":{"x":-2.720822811126709,"y":38.87057876586914,"z":-128.4284210205078},"rotation":{"x":-0.0024904452729970218,"y":-0.9956437349319458,"z":0.02688259445130825,"w":-0.08982610702514649},"size":81.70547485351563,"orthographic":false}